ID	CO2eAmount	CO2eUnit
1	0.0001	MT
2	0.00017	MT
3	0.00006	MT
4	0.0002	MT
5	0.008	MT
6	0.00042	MT
7	0.00078	MT
8	0.00034	MT
9	0.065	MT
10	0.029	MT
11	0.824	MT
12	0.759	MT
13	0.0052	MT
14	0.918	MT
15	0.00091	MT
16	0.00047	MT
17	0.00033	MT
18	0.0026	MT
19	0.094	MT
20	0.023	MT
